listing_id,property_type,city,region,price,created_at,updated_at,agent_id
id_0001,apartment,Montpellier,Occitanie,670852,2025-03-30,2025-04-04,agent_007
id_0002,apartment,Nice,Provence-Alpes,965910,2025-02-10,2025-02-23,agent_007
id_0003,duplex,Amiens,Hauts-de-France,570413,2025-06-13,2025-07-12,agent_003
id_0004,duplex,Versailles,Ile-de-France,716656,2025-10-10,2025-10-18,agent_017
id_0005,duplex,Lyon,Auvergne-Rhone-Alpes,1271917,2025-08-03,2025-08-03,agent_005
id_0006,apartment,Marseille,Provence-Alpes,790016,2025-02-21,2025-03-20,agent_018
id_0007,studio,Pau,Nouvelle-Aquitaine,200412,2025-12-02,2025-12-21,agent_016
id_0008,studio,Boulogne-Billancourt,Ile-de-France,205637,2025-03-15,2025-04-05,agent_013
id_0009,studio,Versailles,Ile-de-France,162279,2025-01-26,2025-02-24,agent_009
id_0010,studio,Bordeaux,Nouvelle-Aquitaine,269166,2025-06-09,2025-06-09,agent_016
id_0011,house,Lille,Hauts-de-France,490913,2025-06-03,2025-06-17,agent_011
id_0012,duplex,Pau,Nouvelle-Aquitaine,393624,2025-04-07,2025-05-06,agent_014
id_0013,duplex,Dunkerque,Hauts-de-France,692073,2025-01-29,2025-02-03,agent_003
id_0014,house,Pau,Nouvelle-Aquitaine,1168430,2025-09-26,2025-09-26,agent_006
id_0015,apartment,Nice,Provence-Alpes,692413,2025-01-17,2025-02-15,agent_012
id_0016,studio,Amiens,Hauts-de-France,196561,2025-08-26,2025-09-15,agent_004
id_0017,house,Lille,Hauts-de-France,740559,2025-09-08,2025-09-13,agent_016
id_0018,studio,Nîmes,Occitanie,142864,2025-05-13,2025-06-04,agent_003
id_0019,loft,Bordeaux,Nouvelle-Aquitaine,528093,2025-03-25,2025-04-18,agent_007
id_0020,house,Nice,Provence-Alpes,948231,2025-11-30,2025-11-30,agent_001
id_0021,house,Grenoble,Auvergne-Rhone-Alpes,980343,2025-01-05,2025-01-05,agent_020
id_0022,loft,Poitiers,Nouvelle-Aquitaine,694763,2025-06-28,2025-07-04,agent_015
id_0023,duplex,Pau,Nouvelle-Aquitaine,407282,2025-01-04,2025-01-25,agent_012
id_0024,studio,Nîmes,Occitanie,128338,2025-09-04,2025-09-04,agent_009
id_0025,studio,Roubaix,Hauts-de-France,168458,2025-12-02,2025-12-30,agent_010
id_0026,duplex,Nice,Provence-Alpes,827961,2025-01-30,2025-02-24,agent_020
id_0027,house,Clermont-Ferrand,Auvergne-Rhone-Alpes,1106320,2025-01-14,2025-01-23,agent_009
id_0028,loft,Saint-Etienne,Auvergne-Rhone-Alpes,337034,2025-10-26,2025-11-13,agent_007
id_0029,duplex,Limoges,Nouvelle-Aquitaine,798844,2025-12-10,2025-12-19,agent_006
id_0030,studio,Amiens,Hauts-de-France,125586,2025-08-30,2025-08-30,agent_009
id_0031,studio,Amiens,Hauts-de-France,123409,2025-04-24,2025-05-17,agent_010
id_0032,studio,Clermont-Ferrand,Auvergne-Rhone-Alpes,168304,2025-10-27,2025-10-27,agent_004
id_0033,duplex,Lyon,Auvergne-Rhone-Alpes,562012,2025-08-30,2025-09-15,agent_004
id_0034,duplex,Dunkerque,Hauts-de-France,612848,2025-07-31,2025-07-31,agent_005
id_0035,studio,Nice,Provence-Alpes,310900,2025-10-19,2025-11-02,agent_005
id_0036,apartment,Limoges,Nouvelle-Aquitaine,711265,2025-06-20,2025-06-25,agent_011
id_0037,apartment,Lille,Hauts-de-France,674012,2025-05-21,2025-05-21,agent_006
id_0038,loft,Montpellier,Occitanie,392318,2025-03-08,2025-03-28,agent_014
id_0039,loft,Saint-Etienne,Auvergne-Rhone-Alpes,701936,2025-01-03,2025-01-03,agent_007
id_0040,apartment,Roubaix,Hauts-de-France,537864,2025-09-29,2025-09-29,agent_001
id_0041,house,Amiens,Hauts-de-France,1077213,2025-06-26,2025-06-29,agent_013
id_0042,house,Nîmes,Occitanie,418458,2025-01-24,2025-01-24,agent_010
id_0043,loft,Clermont-Ferrand,Auvergne-Rhone-Alpes,440288,2025-06-25,2025-07-10,agent_012
id_0044,loft,Nice,Provence-Alpes,480079,2025-04-27,2025-04-27,agent_005
id_0045,duplex,Marseille,Provence-Alpes,829146,2025-03-28,2025-03-28,agent_002
id_0046,duplex,Clermont-Ferrand,Auvergne-Rhone-Alpes,350947,2025-11-01,2025-11-22,agent_004
id_0047,apartment,Lille,Hauts-de-France,321414,2025-08-02,2025-08-05,agent_018
id_0048,house,Pau,Nouvelle-Aquitaine,565477,2025-12-22,2025-12-22,agent_010
id_0049,duplex,Lyon,Auvergne-Rhone-Alpes,874636,2025-11-15,2025-11-19,agent_014
id_0050,studio,Paris,Ile-de-France,324717,2025-02-24,2025-03-15,agent_007
id_0051,studio,Limoges,Nouvelle-Aquitaine,207415,2025-06-01,2025-06-01,agent_018
id_0052,loft,Grenoble,Auvergne-Rhone-Alpes,646663,2025-05-01,2025-05-01,agent_003
id_0053,house,Versailles,Ile-de-France,444458,2025-09-19,2025-09-19,agent_004
id_0054,loft,Limoges,Nouvelle-Aquitaine,610401,2025-05-16,2025-05-19,agent_006
id_0055,studio,Saint-Denis,Ile-de-France,181974,2025-08-07,2025-08-10,agent_002
id_0056,house,Boulogne-Billancourt,Ile-de-France,694625,2025-07-03,2025-08-02,agent_020
id_0057,studio,Bordeaux,Nouvelle-Aquitaine,284763,2025-04-04,2025-04-04,agent_013
id_0058,loft,Clermont-Ferrand,Auvergne-Rhone-Alpes,801476,2025-08-04,2025-08-29,agent_006
id_0059,apartment,Boulogne-Billancourt,Ile-de-France,367138,2025-02-23,2025-03-13,agent_016
id_0060,house,Perpignan,Occitanie,991018,2025-07-14,2025-08-02,agent_001
id_0061,loft,Amiens,Hauts-de-France,811833,2025-02-27,2025-03-13,agent_002
id_0062,studio,Saint-Denis,Ile-de-France,103240,2025-12-27,2026-01-12,agent_019
id_0063,studio,Amiens,Hauts-de-France,236078,2025-09-25,2025-10-14,agent_004
id_0064,loft,Grenoble,Auvergne-Rhone-Alpes,662544,2025-12-06,2025-12-18,agent_005
id_0065,apartment,Toulouse,Occitanie,364550,2025-09-16,2025-10-13,agent_016
id_0066,loft,Marseille,Provence-Alpes,636208,2025-05-04,2025-05-12,agent_002
id_0067,duplex,Montpellier,Occitanie,697030,2025-07-26,2025-07-28,agent_015
id_0068,apartment,Saint-Etienne,Auvergne-Rhone-Alpes,722669,2025-08-17,2025-09-01,agent_001
id_0069,loft,Versailles,Ile-de-France,337572,2025-10-13,2025-11-08,agent_003
id_0070,duplex,Nîmes,Occitanie,889648,2025-04-16,2025-04-30,agent_011
id_0071,house,Bordeaux,Nouvelle-Aquitaine,1239802,2025-06-19,2025-07-08,agent_020
id_0072,loft,Clermont-Ferrand,Auvergne-Rhone-Alpes,419562,2025-02-19,2025-02-26,agent_001
id_0073,studio,Poitiers,Nouvelle-Aquitaine,243573,2025-09-25,2025-09-28,agent_002
id_0074,house,Aix-en-Provence,Provence-Alpes,1101678,2025-07-29,2025-07-29,agent_020
id_0075,apartment,Nice,Provence-Alpes,917971,2025-04-21,2025-05-16,agent_007
id_0076,apartment,Roubaix,Hauts-de-France,634603,2025-01-24,2025-02-19,agent_019
id_0077,loft,Versailles,Ile-de-France,828689,2025-03-10,2025-03-10,agent_017
id_0078,duplex,Lille,Hauts-de-France,753834,2025-10-27,2025-11-12,agent_006
id_0079,house,Amiens,Hauts-de-France,458584,2025-07-18,2025-08-06,agent_011
id_0080,loft,Perpignan,Occitanie,560297,2025-05-21,2025-05-31,agent_010
id_0081,house,Grenoble,Auvergne-Rhone-Alpes,782794,2025-11-05,2025-11-28,agent_017
id_0082,duplex,Poitiers,Nouvelle-Aquitaine,527900,2025-04-13,2025-04-13,agent_010
id_0083,house,Roubaix,Hauts-de-France,1094904,2025-11-29,2025-12-04,agent_017
id_0084,apartment,Nîmes,Occitanie,569348,2025-10-15,2025-11-02,agent_014
id_0085,loft,Roubaix,Hauts-de-France,313390,2025-09-25,2025-09-25,agent_013
id_0086,apartment,Marseille,Provence-Alpes,409612,2025-05-17,2025-05-22,agent_010
id_0087,house,Roubaix,Hauts-de-France,415046,2025-12-20,2025-12-26,agent_018
id_0088,loft,Saint-Denis,Ile-de-France,407458,2025-11-12,2025-12-05,agent_018
id_0089,house,Aix-en-Provence,Provence-Alpes,885740,2025-12-23,2025-12-23,agent_002
id_0090,loft,Saint-Etienne,Auvergne-Rhone-Alpes,627841,2025-10-10,2025-10-10,agent_009
id_0091,house,Aix-en-Provence,Provence-Alpes,1014575,2025-12-27,2026-01-07,agent_019
id_0092,house,Montpellier,Occitanie,658467,2025-08-18,2025-08-18,agent_003
id_0093,duplex,Nice,Provence-Alpes,637726,2025-07-13,2025-07-13,agent_009
id_0094,house,Nîmes,Occitanie,518746,2025-10-27,2025-10-27,agent_011
id_0095,apartment,Grenoble,Auvergne-Rhone-Alpes,361169,2025-06-15,2025-07-09,agent_020
id_0096,loft,Roubaix,Hauts-de-France,876884,2025-07-03,2025-07-03,agent_011
id_0097,house,Montpellier,Occitanie,895895,2025-02-04,2025-02-09,agent_014
id_0098,apartment,Perpignan,Occitanie,566375,2025-04-24,2025-05-15,agent_011
id_0099,studio,Poitiers,Nouvelle-Aquitaine,157264,2025-11-13,2025-11-30,agent_001
id_0100,loft,Saint-Denis,Ile-de-France,552023,2025-11-25,2025-12-14,agent_008
id_0101,loft,Saint-Denis,Ile-de-France,418881,2025-07-17,2025-07-17,agent_010
id_0102,duplex,Saint-Denis,Ile-de-France,833447,2025-08-17,2025-08-26,agent_007
id_0103,apartment,Bordeaux,Nouvelle-Aquitaine,563289,2025-10-03,2025-10-23,agent_003
id_0104,loft,Nice,Provence-Alpes,613462,2025-04-16,2025-05-08,agent_014
id_0105,house,Lille,Hauts-de-France,374906,2025-08-24,2025-08-25,agent_003
id_0106,house,Paris,Ile-de-France,2956985,2025-05-09,2025-05-27,agent_008
id_0107,loft,Pau,Nouvelle-Aquitaine,773039,2025-11-19,2025-11-29,agent_001
id_0108,duplex,Lyon,Auvergne-Rhone-Alpes,459277,2025-11-25,2025-11-27,agent_019
id_0109,studio,Paris,Ile-de-France,579537,2025-02-24,2025-02-24,agent_010
id_0110,studio,Toulouse,Occitanie,214734,2025-07-15,2025-08-05,agent_001
id_0111,duplex,Grenoble,Auvergne-Rhone-Alpes,530545,2025-03-11,2025-04-05,agent_018
id_0112,studio,Limoges,Nouvelle-Aquitaine,197813,2025-01-06,2025-01-23,agent_005
id_0113,apartment,Paris,Ile-de-France,1533060,2025-10-03,2025-10-05,agent_010
id_0114,house,Toulon,Provence-Alpes,782699,2025-11-27,2025-12-01,agent_006
id_0115,duplex,Nice,Provence-Alpes,847527,2025-04-10,2025-04-10,agent_019
id_0116,duplex,Versailles,Ile-de-France,376697,2025-05-29,2025-06-06,agent_004
id_0117,studio,Aix-en-Provence,Provence-Alpes,193621,2025-03-07,2025-03-14,agent_004
id_0118,house,Bordeaux,Nouvelle-Aquitaine,1024833,2025-09-06,2025-09-25,agent_010
id_0119,duplex,Amiens,Hauts-de-France,894397,2025-07-06,2025-08-05,agent_014
id_0120,studio,Marseille,Provence-Alpes,164533,2025-04-24,2025-05-14,agent_014
id_0121,house,Poitiers,Nouvelle-Aquitaine,1062591,2025-06-19,2025-07-03,agent_015
id_0122,loft,Poitiers,Nouvelle-Aquitaine,878469,2025-02-25,2025-02-25,agent_020
id_0123,house,Saint-Denis,Ile-de-France,914781,2025-04-11,2025-04-11,agent_003
id_0124,apartment,Lille,Hauts-de-France,731815,2025-11-20,2025-11-20,agent_019
id_0125,duplex,Perpignan,Occitanie,523095,2025-01-19,2025-02-05,agent_018
id_0126,studio,Grenoble,Auvergne-Rhone-Alpes,202891,2025-04-25,2025-05-13,agent_010
id_0127,duplex,Aix-en-Provence,Provence-Alpes,835205,2025-02-16,2025-03-04,agent_001
id_0128,duplex,Amiens,Hauts-de-France,473899,2025-09-21,2025-09-21,agent_006
id_0129,loft,Nice,Provence-Alpes,1014336,2025-01-21,2025-01-21,agent_016
id_0130,studio,Marseille,Provence-Alpes,196845,2025-04-30,2025-04-30,agent_007
id_0131,loft,Nîmes,Occitanie,792489,2025-08-21,2025-08-22,agent_011
id_0132,studio,Saint-Denis,Ile-de-France,242698,2025-10-19,2025-10-19,agent_013
id_0133,duplex,Bordeaux,Nouvelle-Aquitaine,845710,2025-07-12,2025-07-19,agent_017
id_0134,studio,Clermont-Ferrand,Auvergne-Rhone-Alpes,227627,2025-09-04,2025-09-04,agent_017
id_0135,house,Aix-en-Provence,Provence-Alpes,591162,2025-02-09,2025-02-17,agent_007
id_0136,house,Nice,Provence-Alpes,1094727,2025-11-05,2025-11-08,agent_008
id_0137,apartment,Clermont-Ferrand,Auvergne-Rhone-Alpes,704906,2025-12-12,2025-12-18,agent_019
id_0138,apartment,Aix-en-Provence,Provence-Alpes,455506,2025-01-23,2025-01-23,agent_019
id_0139,duplex,Nice,Provence-Alpes,511641,2025-10-21,2025-10-21,agent_006
id_0140,duplex,Limoges,Nouvelle-Aquitaine,725151,2025-11-03,2025-11-23,agent_001
id_0141,apartment,Roubaix,Hauts-de-France,427114,2025-08-18,2025-09-02,agent_016
id_0142,loft,Nice,Provence-Alpes,674466,2025-10-26,2025-10-31,agent_020
id_0143,house,Roubaix,Hauts-de-France,1109364,2025-12-18,2026-01-01,agent_020
id_0144,house,Toulouse,Occitanie,746583,2025-07-17,2025-07-17,agent_001
id_0145,house,Aix-en-Provence,Provence-Alpes,984924,2025-02-19,2025-02-19,agent_020
id_0146,duplex,Toulouse,Occitanie,827778,2025-03-02,2025-03-02,agent_005
id_0147,loft,Toulouse,Occitanie,847403,2025-08-04,2025-08-05,agent_017
id_0148,loft,Grenoble,Auvergne-Rhone-Alpes,699755,2025-06-29,2025-07-22,agent_019
id_0149,house,Versailles,Ile-de-France,616881,2025-09-02,2025-10-01,agent_003
id_0150,studio,Pau,Nouvelle-Aquitaine,149550,2025-01-03,2025-01-28,agent_001
id_0151,duplex,Toulouse,Occitanie,307543,2025-07-12,2025-08-03,agent_011
id_0152,apartment,Clermont-Ferrand,Auvergne-Rhone-Alpes,362297,2025-08-07,2025-08-15,agent_009
id_0153,duplex,Perpignan,Occitanie,683405,2025-11-10,2025-11-10,agent_013
id_0154,duplex,Aix-en-Provence,Provence-Alpes,884646,2025-09-05,2025-09-05,agent_018
id_0155,studio,Perpignan,Occitanie,180387,2025-10-23,2025-11-14,agent_013
id_0156,apartment,Amiens,Hauts-de-France,440932,2025-08-17,2025-09-16,agent_006
id_0157,duplex,Boulogne-Billancourt,Ile-de-France,720018,2025-06-23,2025-07-12,agent_002
id_0158,apartment,Aix-en-Provence,Provence-Alpes,295513,2025-03-16,2025-04-04,agent_014
id_0159,studio,Paris,Ile-de-France,395337,2025-07-09,2025-07-09,agent_002
id_0160,loft,Dunkerque,Hauts-de-France,846313,2025-05-27,2025-06-15,agent_002
id_0161,loft,Aix-en-Provence,Provence-Alpes,311230,2025-04-14,2025-05-13,agent_017
id_0162,apartment,Limoges,Nouvelle-Aquitaine,735348,2025-09-22,2025-10-11,agent_006
id_0163,studio,Lille,Hauts-de-France,162719,2025-12-02,2025-12-02,agent_006
id_0164,loft,Saint-Denis,Ile-de-France,670281,2025-12-09,2025-12-27,agent_007
id_0165,apartment,Toulouse,Occitanie,294545,2025-10-09,2025-10-09,agent_018
id_0166,studio,Nîmes,Occitanie,172484,2025-04-26,2025-05-02,agent_015
id_0167,studio,Lyon,Auvergne-Rhone-Alpes,218826,2025-07-28,2025-08-14,agent_003
id_0168,studio,Nîmes,Occitanie,130673,2025-09-20,2025-10-18,agent_018
id_0169,loft,Nîmes,Occitanie,695397,2025-10-16,2025-10-23,agent_011
id_0170,duplex,Saint-Etienne,Auvergne-Rhone-Alpes,328679,2025-09-04,2025-09-04,agent_003
id_0171,house,Grenoble,Auvergne-Rhone-Alpes,1189030,2025-06-11,2025-06-22,agent_017
id_0172,studio,Toulouse,Occitanie,165079,2025-05-28,2025-05-28,agent_011
id_0173,loft,Boulogne-Billancourt,Ile-de-France,629119,2025-07-01,2025-07-01,agent_019
id_0174,house,Limoges,Nouvelle-Aquitaine,873238,2025-04-13,2025-04-13,agent_008
id_0175,house,Limoges,Nouvelle-Aquitaine,562616,2025-05-08,2025-05-19,agent_005
id_0176,apartment,Paris,Ile-de-France,1791490,2025-11-11,2025-11-11,agent_018
id_0177,studio,Versailles,Ile-de-France,182684,2025-09-10,2025-10-08,agent_019
id_0178,house,Pau,Nouvelle-Aquitaine,1151387,2025-09-19,2025-09-19,agent_008
id_0179,apartment,Montpellier,Occitanie,751273,2025-08-05,2025-08-22,agent_002
id_0180,loft,Nîmes,Occitanie,483291,2025-08-23,2025-09-14,agent_017
id_0181,apartment,Clermont-Ferrand,Auvergne-Rhone-Alpes,212394,2025-12-12,2025-12-12,agent_019
id_0182,studio,Saint-Denis,Ile-de-France,168078,2025-04-06,2025-04-13,agent_009
id_0183,studio,Clermont-Ferrand,Auvergne-Rhone-Alpes,148211,2025-09-13,2025-09-26,agent_012
id_0184,studio,Pau,Nouvelle-Aquitaine,218155,2025-04-03,2025-04-21,agent_008
id_0185,house,Saint-Denis,Ile-de-France,932316,2025-08-10,2025-08-16,agent_005
id_0186,loft,Amiens,Hauts-de-France,310215,2025-04-01,2025-04-05,agent_017
id_0187,loft,Nîmes,Occitanie,614608,2025-05-09,2025-05-27,agent_002
id_0188,house,Lyon,Auvergne-Rhone-Alpes,619428,2025-04-21,2025-05-06,agent_004
id_0189,studio,Clermont-Ferrand,Auvergne-Rhone-Alpes,194624,2025-07-04,2025-08-02,agent_009
id_0190,loft,Bordeaux,Nouvelle-Aquitaine,640689,2025-06-29,2025-07-29,agent_020
id_0191,studio,Nice,Provence-Alpes,289633,2025-06-16,2025-07-01,agent_015
id_0192,duplex,Versailles,Ile-de-France,600441,2025-08-26,2025-08-30,agent_006
id_0193,loft,Roubaix,Hauts-de-France,899405,2025-07-27,2025-07-29,agent_003
id_0194,house,Toulon,Provence-Alpes,678709,2025-06-12,2025-07-04,agent_009
id_0195,studio,Perpignan,Occitanie,216627,2025-07-05,2025-07-21,agent_015
id_0196,house,Grenoble,Auvergne-Rhone-Alpes,374223,2025-03-06,2025-03-27,agent_009
id_0197,house,Lille,Hauts-de-France,525018,2025-07-23,2025-07-23,agent_003
id_0198,apartment,Lyon,Auvergne-Rhone-Alpes,924445,2025-09-26,2025-09-28,agent_004
id_0199,apartment,Limoges,Nouvelle-Aquitaine,608783,2025-06-08,2025-06-08,agent_010
id_0200,house,Grenoble,Auvergne-Rhone-Alpes,902329,2025-03-29,2025-03-29,agent_012
id_0201,loft,Pau,Nouvelle-Aquitaine,866843,2025-05-20,2025-05-24,agent_018
id_0202,duplex,Aix-en-Provence,Provence-Alpes,756106,2025-09-26,2025-10-13,agent_010
id_0203,duplex,Pau,Nouvelle-Aquitaine,538161,2025-02-15,2025-02-26,agent_014
id_0204,studio,Limoges,Nouvelle-Aquitaine,102767,2025-01-01,2025-01-25,agent_005
id_0205,loft,Poitiers,Nouvelle-Aquitaine,861091,2025-01-05,2025-01-20,agent_016
id_0206,loft,Bordeaux,Nouvelle-Aquitaine,910726,2025-11-02,2025-11-02,agent_001
id_0207,house,Nîmes,Occitanie,781736,2025-10-15,2025-10-22,agent_006
id_0208,loft,Dunkerque,Hauts-de-France,531307,2025-05-15,2025-05-15,agent_008
id_0209,studio,Nîmes,Occitanie,239445,2025-05-18,2025-06-14,agent_003
id_0210,studio,Nice,Provence-Alpes,193393,2025-11-23,2025-12-07,agent_009
id_0211,house,Dunkerque,Hauts-de-France,686219,2025-01-10,2025-01-10,agent_018
id_0212,apartment,Boulogne-Billancourt,Ile-de-France,495818,2025-05-18,2025-05-18,agent_015
id_0213,house,Lille,Hauts-de-France,444578,2025-03-19,2025-03-19,agent_007
id_0214,studio,Pau,Nouvelle-Aquitaine,230651,2025-07-10,2025-08-04,agent_002
id_0215,house,Bordeaux,Nouvelle-Aquitaine,613140,2025-05-17,2025-05-19,agent_018
id_0216,house,Grenoble,Auvergne-Rhone-Alpes,612227,2025-07-15,2025-07-18,agent_008
id_0217,house,Saint-Etienne,Auvergne-Rhone-Alpes,1123449,2025-01-18,2025-01-18,agent_004
id_0218,loft,Montpellier,Occitanie,708024,2025-12-15,2026-01-13,agent_011
id_0219,duplex,Marseille,Provence-Alpes,846230,2025-03-04,2025-03-04,agent_010
id_0220,apartment,Toulon,Provence-Alpes,428367,2025-02-27,2025-02-27,agent_014
id_0221,house,Bordeaux,Nouvelle-Aquitaine,1774467,2025-05-22,2025-06-03,agent_008
id_0222,duplex,Paris,Ile-de-France,1995892,2025-12-19,2025-12-30,agent_003
id_0223,loft,Nice,Provence-Alpes,593761,2025-12-18,2026-01-16,agent_002
id_0224,house,Saint-Denis,Ile-de-France,1085395,2025-10-02,2025-10-06,agent_016
id_0225,duplex,Toulon,Provence-Alpes,664189,2025-08-13,2025-08-13,agent_013
id_0226,studio,Limoges,Nouvelle-Aquitaine,110351,2025-09-06,2025-09-23,agent_010
id_0227,house,Perpignan,Occitanie,944229,2025-04-06,2025-04-16,agent_015
id_0228,apartment,Limoges,Nouvelle-Aquitaine,756937,2025-03-21,2025-04-16,agent_009
id_0229,loft,Nîmes,Occitanie,300754,2025-11-23,2025-12-16,agent_006
id_0230,duplex,Saint-Denis,Ile-de-France,550385,2025-06-14,2025-07-05,agent_018
id_0231,duplex,Grenoble,Auvergne-Rhone-Alpes,821718,2025-10-10,2025-10-10,agent_010
id_0232,studio,Pau,Nouvelle-Aquitaine,128957,2025-02-19,2025-02-21,agent_002
id_0233,apartment,Nice,Provence-Alpes,617842,2025-02-24,2025-02-27,agent_002
id_0234,loft,Perpignan,Occitanie,851363,2025-11-16,2025-11-24,agent_002
id_0235,duplex,Limoges,Nouvelle-Aquitaine,374316,2025-01-07,2025-01-13,agent_016
id_0236,apartment,Versailles,Ile-de-France,578458,2025-10-13,2025-11-10,agent_014
id_0237,duplex,Bordeaux,Nouvelle-Aquitaine,868090,2025-09-28,2025-09-28,agent_003
id_0238,house,Bordeaux,Nouvelle-Aquitaine,1342078,2025-02-19,2025-02-19,agent_008
id_0239,house,Perpignan,Occitanie,552500,2025-09-27,2025-10-15,agent_006
id_0240,apartment,Perpignan,Occitanie,575351,2025-12-12,2026-01-02,agent_014
id_0241,house,Boulogne-Billancourt,Ile-de-France,926680,2025-07-25,2025-08-15,agent_006
id_0242,studio,Perpignan,Occitanie,182615,2025-10-09,2025-10-19,agent_012
id_0243,studio,Saint-Etienne,Auvergne-Rhone-Alpes,163103,2025-10-16,2025-10-28,agent_018
id_0244,studio,Roubaix,Hauts-de-France,218594,2025-08-18,2025-08-18,agent_002
id_0245,duplex,Bordeaux,Nouvelle-Aquitaine,662470,2025-06-04,2025-06-04,agent_008
id_0246,apartment,Toulon,Provence-Alpes,489362,2025-10-11,2025-10-29,agent_019
id_0247,apartment,Marseille,Provence-Alpes,682732,2025-07-02,2025-07-02,agent_009
id_0248,house,Limoges,Nouvelle-Aquitaine,618691,2025-06-03,2025-06-03,agent_013
id_0249,apartment,Montpellier,Occitanie,540464,2025-09-05,2025-09-05,agent_019
id_0250,apartment,Saint-Denis,Ile-de-France,600080,2025-02-10,2025-03-11,agent_011
id_0251,loft,Pau,Nouvelle-Aquitaine,426395,2025-04-27,2025-05-24,agent_020
id_0252,apartment,Versailles,Ile-de-France,519588,2025-09-26,2025-09-26,agent_018
id_0253,studio,Montpellier,Occitanie,231701,2025-12-24,2025-12-24,agent_002
id_0254,loft,Dunkerque,Hauts-de-France,829247,2025-02-16,2025-02-16,agent_010
id_0255,house,Grenoble,Auvergne-Rhone-Alpes,702497,2025-02-12,2025-03-07,agent_002
id_0256,studio,Perpignan,Occitanie,122302,2025-07-24,2025-08-17,agent_005
id_0257,duplex,Aix-en-Provence,Provence-Alpes,507731,2025-09-07,2025-09-25,agent_007
id_0258,house,Montpellier,Occitanie,425124,2025-05-17,2025-05-27,agent_019
id_0259,loft,Paris,Ile-de-France,1860285,2025-07-07,2025-07-17,agent_012
id_0260,studio,Toulouse,Occitanie,144369,2025-06-29,2025-07-24,agent_015
id_0261,loft,Montpellier,Occitanie,347057,2025-04-30,2025-04-30,agent_012
id_0262,apartment,Marseille,Provence-Alpes,257187,2025-05-05,2025-06-03,agent_005
id_0263,studio,Bordeaux,Nouvelle-Aquitaine,193755,2025-06-06,2025-06-06,agent_011
id_0264,house,Nice,Provence-Alpes,1384450,2025-09-25,2025-10-12,agent_016
id_0265,apartment,Montpellier,Occitanie,594900,2025-10-26,2025-11-11,agent_002
id_0266,apartment,Limoges,Nouvelle-Aquitaine,497809,2025-04-13,2025-05-02,agent_009
id_0267,apartment,Versailles,Ile-de-France,269832,2025-07-18,2025-08-08,agent_012
id_0268,studio,Paris,Ile-de-France,503310,2025-04-29,2025-05-15,agent_004
id_0269,duplex,Pau,Nouvelle-Aquitaine,857381,2025-02-15,2025-02-15,agent_017
id_0270,apartment,Lyon,Auvergne-Rhone-Alpes,689113,2025-09-29,2025-10-14,agent_013
id_0271,apartment,Amiens,Hauts-de-France,563625,2025-12-17,2026-01-06,agent_010
id_0272,apartment,Toulon,Provence-Alpes,470196,2025-07-18,2025-08-13,agent_001
id_0273,house,Nîmes,Occitanie,509077,2025-06-24,2025-07-15,agent_005
id_0274,duplex,Versailles,Ile-de-France,538475,2025-08-02,2025-08-02,agent_005
id_0275,duplex,Clermont-Ferrand,Auvergne-Rhone-Alpes,645280,2025-08-18,2025-08-24,agent_005
id_0276,house,Montpellier,Occitanie,674008,2025-12-19,2026-01-04,agent_005
id_0277,duplex,Grenoble,Auvergne-Rhone-Alpes,465725,2025-06-12,2025-06-12,agent_018
id_0278,house,Lille,Hauts-de-France,683025,2025-03-16,2025-04-09,agent_011
id_0279,studio,Saint-Etienne,Auvergne-Rhone-Alpes,216130,2025-11-23,2025-12-01,agent_005
id_0280,house,Marseille,Provence-Alpes,543720,2025-01-14,2025-02-02,agent_020
id_0281,duplex,Limoges,Nouvelle-Aquitaine,543461,2025-04-29,2025-05-10,agent_003
id_0282,house,Dunkerque,Hauts-de-France,876725,2025-11-06,2025-11-26,agent_012
id_0283,loft,Aix-en-Provence,Provence-Alpes,796864,2025-03-12,2025-03-12,agent_008
id_0284,apartment,Versailles,Ile-de-France,482967,2025-07-31,2025-07-31,agent_007
id_0285,house,Marseille,Provence-Alpes,810623,2025-11-12,2025-11-22,agent_015
id_0286,loft,Aix-en-Provence,Provence-Alpes,343858,2025-11-08,2025-11-20,agent_011
id_0287,duplex,Lyon,Auvergne-Rhone-Alpes,621939,2025-08-20,2025-09-17,agent_002
id_0288,apartment,Aix-en-Provence,Provence-Alpes,784791,2025-07-18,2025-08-07,agent_002
id_0289,loft,Toulon,Provence-Alpes,717375,2025-06-05,2025-06-14,agent_015
id_0290,studio,Aix-en-Provence,Provence-Alpes,114299,2025-12-20,2025-12-24,agent_015
id_0291,apartment,Dunkerque,Hauts-de-France,724977,2025-02-27,2025-02-27,agent_019
id_0292,loft,Amiens,Hauts-de-France,733648,2025-06-15,2025-06-20,agent_015
id_0293,loft,Montpellier,Occitanie,394560,2025-05-09,2025-05-29,agent_006
id_0294,apartment,Lille,Hauts-de-France,319710,2025-12-28,2026-01-08,agent_003
id_0295,duplex,Perpignan,Occitanie,467666,2025-07-13,2025-07-14,agent_006
id_0296,house,Limoges,Nouvelle-Aquitaine,501631,2025-04-02,2025-04-03,agent_014
id_0297,loft,Poitiers,Nouvelle-Aquitaine,602808,2025-11-17,2025-11-17,agent_005
id_0298,duplex,Marseille,Provence-Alpes,565406,2025-01-07,2025-02-03,agent_016
id_0299,duplex,Toulouse,Occitanie,817437,2025-05-02,2025-05-02,agent_016
id_0300,loft,Saint-Etienne,Auvergne-Rhone-Alpes,383262,2025-11-04,2025-11-11,agent_018
id_0301,apartment,Limoges,Nouvelle-Aquitaine,393818,2025-03-17,2025-03-17,agent_012
id_0302,apartment,Boulogne-Billancourt,Ile-de-France,512938,2025-06-19,2025-06-20,agent_004
id_0303,house,Grenoble,Auvergne-Rhone-Alpes,1054737,2025-05-26,2025-06-17,agent_020
id_0304,loft,Montpellier,Occitanie,677685,2025-01-19,2025-01-19,agent_010
id_0305,loft,Poitiers,Nouvelle-Aquitaine,370953,2025-08-07,2025-08-09,agent_010
id_0306,apartment,Grenoble,Auvergne-Rhone-Alpes,487748,2025-06-18,2025-07-04,agent_007
id_0307,duplex,Amiens,Hauts-de-France,361010,2025-02-25,2025-03-17,agent_017
id_0308,duplex,Versailles,Ile-de-France,601137,2025-08-07,2025-08-17,agent_009
id_0309,house,Nîmes,Occitanie,994129,2025-10-16,2025-11-08,agent_016
id_0310,duplex,Grenoble,Auvergne-Rhone-Alpes,544026,2025-12-29,2025-12-29,agent_007
id_0311,apartment,Paris,Ile-de-France,1718667,2025-11-17,2025-12-10,agent_007
id_0312,loft,Perpignan,Occitanie,347702,2025-06-20,2025-07-15,agent_007
id_0313,studio,Boulogne-Billancourt,Ile-de-France,166694,2025-02-04,2025-02-20,agent_018
id_0314,apartment,Bordeaux,Nouvelle-Aquitaine,824208,2025-06-24,2025-07-12,agent_020
id_0315,house,Boulogne-Billancourt,Ile-de-France,696569,2025-06-23,2025-07-08,agent_016
id_0316,loft,Boulogne-Billancourt,Ile-de-France,462934,2025-11-18,2025-12-15,agent_018
id_0317,loft,Pau,Nouvelle-Aquitaine,358743,2025-09-24,2025-09-24,agent_011
id_0318,house,Toulouse,Occitanie,955445,2025-12-17,2026-01-15,agent_012
id_0319,studio,Boulogne-Billancourt,Ile-de-France,108171,2025-06-23,2025-07-13,agent_018
id_0320,house,Aix-en-Provence,Provence-Alpes,974103,2025-03-01,2025-03-25,agent_010
id_0321,apartment,Roubaix,Hauts-de-France,484685,2025-07-31,2025-07-31,agent_008
id_0322,studio,Pau,Nouvelle-Aquitaine,156659,2025-09-26,2025-09-29,agent_012
id_0323,apartment,Boulogne-Billancourt,Ile-de-France,665330,2025-09-17,2025-09-17,agent_016
id_0324,house,Montpellier,Occitanie,706637,2025-09-05,2025-09-21,agent_010
id_0325,apartment,Limoges,Nouvelle-Aquitaine,741218,2025-12-13,2025-12-19,agent_002
id_0326,duplex,Saint-Etienne,Auvergne-Rhone-Alpes,421462,2025-01-03,2025-01-04,agent_020
id_0327,loft,Saint-Denis,Ile-de-France,348381,2025-02-22,2025-03-15,agent_010
id_0328,house,Saint-Denis,Ile-de-France,686467,2025-04-13,2025-04-13,agent_009
id_0329,loft,Nîmes,Occitanie,423365,2025-05-20,2025-05-20,agent_009
id_0330,duplex,Paris,Ile-de-France,2217025,2025-09-21,2025-09-21,agent_018
id_0331,studio,Poitiers,Nouvelle-Aquitaine,137108,2025-12-27,2026-01-14,agent_008
id_0332,studio,Marseille,Provence-Alpes,188798,2025-10-04,2025-10-08,agent_001
id_0333,apartment,Lyon,Auvergne-Rhone-Alpes,903349,2025-01-28,2025-01-28,agent_013
id_0334,duplex,Aix-en-Provence,Provence-Alpes,672899,2025-06-09,2025-06-15,agent_018
id_0335,duplex,Versailles,Ile-de-France,438197,2025-02-17,2025-03-18,agent_015
id_0336,studio,Versailles,Ile-de-France,222000,2025-08-29,2025-08-29,agent_008
id_0337,studio,Toulon,Provence-Alpes,202780,2025-04-04,2025-04-25,agent_011
id_0338,loft,Pau,Nouvelle-Aquitaine,331734,2025-02-03,2025-02-14,agent_016
id_0339,studio,Grenoble,Auvergne-Rhone-Alpes,191387,2025-11-06,2025-11-22,agent_004
id_0340,studio,Lyon,Auvergne-Rhone-Alpes,368686,2025-11-29,2025-11-29,agent_010
id_0341,loft,Perpignan,Occitanie,733525,2025-05-03,2025-05-20,agent_006
id_0342,apartment,Saint-Etienne,Auvergne-Rhone-Alpes,557264,2025-04-17,2025-05-05,agent_014
id_0343,duplex,Clermont-Ferrand,Auvergne-Rhone-Alpes,547625,2025-03-30,2025-04-01,agent_019
id_0344,duplex,Lyon,Auvergne-Rhone-Alpes,1178091,2025-06-16,2025-07-12,agent_015
id_0345,loft,Toulon,Provence-Alpes,372988,2025-11-03,2025-11-03,agent_020
id_0346,loft,Clermont-Ferrand,Auvergne-Rhone-Alpes,364468,2025-02-16,2025-02-16,agent_005
id_0347,house,Toulouse,Occitanie,1042984,2025-03-18,2025-03-27,agent_013
id_0348,house,Perpignan,Occitanie,565651,2025-12-15,2025-12-24,agent_019
id_0349,loft,Roubaix,Hauts-de-France,660987,2025-02-15,2025-03-06,agent_017
id_0350,studio,Grenoble,Auvergne-Rhone-Alpes,116360,2025-07-09,2025-08-08,agent_002
id_0351,apartment,Saint-Denis,Ile-de-France,495917,2025-01-16,2025-01-16,agent_019
id_0352,loft,Clermont-Ferrand,Auvergne-Rhone-Alpes,725756,2025-07-15,2025-07-21,agent_006
id_0353,house,Grenoble,Auvergne-Rhone-Alpes,932401,2025-07-16,2025-07-27,agent_014
id_0354,house,Toulon,Provence-Alpes,490800,2025-01-06,2025-01-06,agent_001
id_0355,loft,Aix-en-Provence,Provence-Alpes,442371,2025-02-13,2025-02-13,agent_014
id_0356,duplex,Saint-Etienne,Auvergne-Rhone-Alpes,488531,2025-08-21,2025-09-07,agent_015
id_0357,house,Clermont-Ferrand,Auvergne-Rhone-Alpes,544816,2025-08-06,2025-08-24,agent_016
id_0358,duplex,Amiens,Hauts-de-France,582329,2025-07-30,2025-08-17,agent_012
id_0359,duplex,Paris,Ile-de-France,2016857,2025-12-27,2026-01-14,agent_016
id_0360,house,Lille,Hauts-de-France,1115654,2025-09-27,2025-10-21,agent_009
id_0361,duplex,Lyon,Auvergne-Rhone-Alpes,589113,2025-05-06,2025-05-29,agent_003
id_0362,duplex,Roubaix,Hauts-de-France,355337,2025-06-25,2025-06-25,agent_016
id_0363,duplex,Saint-Etienne,Auvergne-Rhone-Alpes,647617,2025-08-04,2025-08-29,agent_010
id_0364,apartment,Limoges,Nouvelle-Aquitaine,518841,2025-10-16,2025-10-16,agent_016
id_0365,duplex,Montpellier,Occitanie,354127,2025-12-03,2025-12-28,agent_020
id_0366,loft,Saint-Denis,Ile-de-France,386518,2025-03-06,2025-04-02,agent_009
id_0367,duplex,Limoges,Nouvelle-Aquitaine,594620,2025-05-21,2025-05-21,agent_004
id_0368,duplex,Montpellier,Occitanie,458477,2025-12-04,2025-12-29,agent_006
id_0369,loft,Limoges,Nouvelle-Aquitaine,489592,2025-09-28,2025-10-08,agent_003
id_0370,loft,Nice,Provence-Alpes,1099510,2025-07-16,2025-07-16,agent_015
id_0371,house,Amiens,Hauts-de-France,955822,2025-06-26,2025-06-26,agent_009
id_0372,house,Paris,Ile-de-France,2091385,2025-07-24,2025-08-08,agent_018
id_0373,loft,Aix-en-Provence,Provence-Alpes,797643,2025-05-15,2025-05-15,agent_014
id_0374,loft,Saint-Denis,Ile-de-France,700560,2025-12-14,2025-12-30,agent_002
id_0375,loft,Saint-Denis,Ile-de-France,585831,2025-06-21,2025-06-21,agent_004
id_0376,loft,Pau,Nouvelle-Aquitaine,553542,2025-12-11,2025-12-17,agent_017
id_0377,studio,Limoges,Nouvelle-Aquitaine,243553,2025-01-06,2025-02-01,agent_003
id_0378,apartment,Versailles,Ile-de-France,750779,2025-02-23,2025-03-06,agent_008
id_0379,studio,Roubaix,Hauts-de-France,150614,2025-01-18,2025-01-18,agent_003
id_0380,duplex,Boulogne-Billancourt,Ile-de-France,427706,2025-12-29,2025-12-31,agent_020
id_0381,duplex,Aix-en-Provence,Provence-Alpes,493743,2025-02-26,2025-03-06,agent_010
id_0382,loft,Lyon,Auvergne-Rhone-Alpes,884713,2025-08-07,2025-08-28,agent_011
id_0383,apartment,Limoges,Nouvelle-Aquitaine,490756,2025-02-01,2025-02-11,agent_002
id_0384,house,Poitiers,Nouvelle-Aquitaine,811976,2025-02-05,2025-03-06,agent_007
id_0385,house,Perpignan,Occitanie,1026838,2025-09-09,2025-09-09,agent_018
id_0386,duplex,Grenoble,Auvergne-Rhone-Alpes,411410,2025-08-15,2025-08-18,agent_002
id_0387,duplex,Paris,Ile-de-France,1406922,2025-08-17,2025-08-17,agent_016
id_0388,apartment,Marseille,Provence-Alpes,609451,2025-05-17,2025-05-17,agent_011
id_0389,duplex,Lyon,Auvergne-Rhone-Alpes,1221771,2025-09-02,2025-09-29,agent_003
id_0390,apartment,Montpellier,Occitanie,603097,2025-12-19,2026-01-03,agent_004
id_0391,studio,Nîmes,Occitanie,179384,2025-07-25,2025-07-25,agent_003
id_0392,apartment,Poitiers,Nouvelle-Aquitaine,681966,2025-05-29,2025-06-03,agent_018
id_0393,house,Versailles,Ile-de-France,663388,2025-12-23,2025-12-26,agent_012
id_0394,loft,Lyon,Auvergne-Rhone-Alpes,748000,2025-03-13,2025-03-13,agent_001
id_0395,loft,Amiens,Hauts-de-France,707652,2025-02-02,2025-02-22,agent_010
id_0396,apartment,Saint-Etienne,Auvergne-Rhone-Alpes,238842,2025-06-23,2025-06-23,agent_002
id_0397,house,Lyon,Auvergne-Rhone-Alpes,1794463,2025-12-01,2025-12-15,agent_018
id_0398,apartment,Nice,Provence-Alpes,358003,2025-03-14,2025-03-14,agent_016
id_0399,house,Toulouse,Occitanie,1085363,2025-11-29,2025-11-29,agent_006
id_0400,studio,Lille,Hauts-de-France,125504,2025-08-22,2025-09-17,agent_019
id_0401,apartment,Paris,Ile-de-France,1803230,2025-11-01,2025-11-08,agent_003
id_0402,studio,Aix-en-Provence,Provence-Alpes,205384,2025-06-16,2025-06-16,agent_019
id_0403,studio,Montpellier,Occitanie,155897,2025-01-24,2025-02-03,agent_003
id_0404,house,Saint-Denis,Ile-de-France,1144348,2025-08-01,2025-08-01,agent_012
id_0405,loft,Montpellier,Occitanie,555479,2025-10-25,2025-10-25,agent_004
id_0406,house,Dunkerque,Hauts-de-France,366389,2025-09-07,2025-09-07,agent_001
id_0407,duplex,Marseille,Provence-Alpes,597514,2025-08-02,2025-08-27,agent_016
id_0408,house,Amiens,Hauts-de-France,500038,2025-11-24,2025-11-24,agent_015
id_0409,house,Grenoble,Auvergne-Rhone-Alpes,990195,2025-12-21,2025-12-21,agent_006
id_0410,duplex,Dunkerque,Hauts-de-France,392296,2025-11-18,2025-11-27,agent_012
id_0411,duplex,Lyon,Auvergne-Rhone-Alpes,820627,2025-04-09,2025-04-09,agent_017
id_0412,duplex,Saint-Denis,Ile-de-France,832195,2025-04-23,2025-05-13,agent_007
id_0413,house,Bordeaux,Nouvelle-Aquitaine,702228,2025-03-18,2025-04-17,agent_016
id_0414,house,Grenoble,Auvergne-Rhone-Alpes,1052695,2025-01-23,2025-01-23,agent_012
id_0415,loft,Limoges,Nouvelle-Aquitaine,563592,2025-06-21,2025-07-19,agent_015
id_0416,apartment,Paris,Ile-de-France,1908657,2025-04-01,2025-04-01,agent_001
id_0417,apartment,Lyon,Auvergne-Rhone-Alpes,670093,2025-08-16,2025-08-26,agent_014
id_0418,house,Toulon,Provence-Alpes,1166814,2025-02-26,2025-03-01,agent_008
id_0419,house,Dunkerque,Hauts-de-France,743774,2025-04-23,2025-04-23,agent_019
id_0420,loft,Lyon,Auvergne-Rhone-Alpes,677971,2025-04-21,2025-05-05,agent_006
id_0421,house,Clermont-Ferrand,Auvergne-Rhone-Alpes,829975,2025-04-10,2025-04-18,agent_007
id_0422,apartment,Limoges,Nouvelle-Aquitaine,796289,2025-01-31,2025-01-31,agent_004
id_0423,loft,Saint-Etienne,Auvergne-Rhone-Alpes,479517,2025-06-25,2025-06-25,agent_010
id_0424,duplex,Montpellier,Occitanie,478190,2025-10-23,2025-11-19,agent_008
id_0425,duplex,Versailles,Ile-de-France,812977,2025-04-21,2025-05-17,agent_015
id_0426,loft,Bordeaux,Nouvelle-Aquitaine,837952,2025-05-07,2025-05-25,agent_008
id_0427,duplex,Montpellier,Occitanie,305324,2025-08-02,2025-08-03,agent_016
id_0428,loft,Lille,Hauts-de-France,856921,2025-07-21,2025-08-15,agent_004
id_0429,house,Saint-Etienne,Auvergne-Rhone-Alpes,437127,2025-10-13,2025-11-04,agent_014
id_0430,studio,Nice,Provence-Alpes,266308,2025-05-03,2025-05-05,agent_001
id_0431,house,Clermont-Ferrand,Auvergne-Rhone-Alpes,1087468,2025-08-24,2025-09-16,agent_019
id_0432,loft,Versailles,Ile-de-France,445357,2025-12-27,2026-01-21,agent_012
id_0433,apartment,Dunkerque,Hauts-de-France,274132,2025-07-17,2025-07-27,agent_017
id_0434,loft,Saint-Denis,Ile-de-France,582894,2025-12-24,2026-01-10,agent_019
id_0435,duplex,Marseille,Provence-Alpes,652001,2025-01-29,2025-02-27,agent_012
id_0436,loft,Paris,Ile-de-France,1708372,2025-08-27,2025-09-07,agent_012
id_0437,duplex,Marseille,Provence-Alpes,514656,2025-03-12,2025-03-19,agent_018
id_0438,duplex,Versailles,Ile-de-France,519984,2025-04-26,2025-05-24,agent_009
id_0439,studio,Perpignan,Occitanie,114276,2025-02-02,2025-02-16,agent_016
id_0440,loft,Toulouse,Occitanie,857742,2025-12-14,2026-01-11,agent_010
id_0441,apartment,Clermont-Ferrand,Auvergne-Rhone-Alpes,397503,2025-08-23,2025-08-23,agent_013
id_0442,apartment,Toulon,Provence-Alpes,314677,2025-03-26,2025-03-26,agent_005
id_0443,house,Grenoble,Auvergne-Rhone-Alpes,895980,2025-11-18,2025-11-18,agent_014
id_0444,loft,Amiens,Hauts-de-France,663541,2025-08-04,2025-08-24,agent_001
id_0445,apartment,Limoges,Nouvelle-Aquitaine,223107,2025-04-29,2025-05-15,agent_011
id_0446,studio,Clermont-Ferrand,Auvergne-Rhone-Alpes,227440,2025-10-31,2025-11-16,agent_018
id_0447,studio,Saint-Etienne,Auvergne-Rhone-Alpes,248701,2025-03-09,2025-03-18,agent_006
id_0448,loft,Limoges,Nouvelle-Aquitaine,689967,2025-05-28,2025-05-29,agent_005
id_0449,loft,Poitiers,Nouvelle-Aquitaine,474444,2025-11-13,2025-12-05,agent_018
id_0450,house,Limoges,Nouvelle-Aquitaine,1092508,2025-12-21,2026-01-15,agent_005
id_0451,apartment,Nice,Provence-Alpes,364725,2025-06-12,2025-06-26,agent_009
id_0452,house,Limoges,Nouvelle-Aquitaine,939810,2025-12-29,2025-12-29,agent_011
id_0453,studio,Limoges,Nouvelle-Aquitaine,217552,2025-10-04,2025-10-21,agent_010
id_0454,loft,Paris,Ile-de-France,2059190,2025-03-16,2025-04-14,agent_011
id_0455,duplex,Marseille,Provence-Alpes,832056,2025-06-19,2025-06-28,agent_016
id_0456,duplex,Limoges,Nouvelle-Aquitaine,763581,2025-06-23,2025-07-16,agent_016
id_0457,duplex,Boulogne-Billancourt,Ile-de-France,422553,2025-06-07,2025-06-07,agent_020
id_0458,studio,Aix-en-Provence,Provence-Alpes,124243,2025-06-17,2025-06-17,agent_007
id_0459,studio,Montpellier,Occitanie,151305,2025-01-12,2025-01-12,agent_015
id_0460,duplex,Lille,Hauts-de-France,713583,2025-04-10,2025-04-29,agent_020
id_0461,studio,Toulouse,Occitanie,204217,2025-03-17,2025-03-30,agent_012
id_0462,apartment,Clermont-Ferrand,Auvergne-Rhone-Alpes,498477,2025-06-26,2025-07-10,agent_018
id_0463,loft,Boulogne-Billancourt,Ile-de-France,735798,2025-08-15,2025-08-15,agent_014
id_0464,house,Dunkerque,Hauts-de-France,965702,2025-11-03,2025-11-03,agent_007
id_0465,duplex,Pau,Nouvelle-Aquitaine,651709,2025-02-03,2025-02-21,agent_013
id_0466,loft,Paris,Ile-de-France,1466515,2025-08-01,2025-08-01,agent_015
id_0467,house,Amiens,Hauts-de-France,545041,2025-07-15,2025-07-15,agent_016
id_0468,duplex,Saint-Denis,Ile-de-France,618677,2025-09-10,2025-09-24,agent_008
id_0469,house,Paris,Ile-de-France,1563590,2025-06-03,2025-06-29,agent_016
id_0470,loft,Saint-Denis,Ile-de-France,488085,2025-09-09,2025-09-29,agent_008
id_0471,studio,Paris,Ile-de-France,573125,2025-02-04,2025-02-15,agent_019
id_0472,studio,Saint-Etienne,Auvergne-Rhone-Alpes,224791,2025-12-22,2026-01-02,agent_017
id_0473,studio,Lille,Hauts-de-France,142689,2025-10-25,2025-10-25,agent_011
id_0474,studio,Grenoble,Auvergne-Rhone-Alpes,142810,2025-01-28,2025-01-28,agent_014
id_0475,apartment,Roubaix,Hauts-de-France,503936,2025-05-30,2025-06-28,agent_003
id_0476,house,Montpellier,Occitanie,1151834,2025-02-18,2025-02-23,agent_018
id_0477,studio,Poitiers,Nouvelle-Aquitaine,171161,2025-12-17,2025-12-28,agent_004
id_0478,house,Nîmes,Occitanie,363524,2025-03-12,2025-03-23,agent_016
id_0479,house,Clermont-Ferrand,Auvergne-Rhone-Alpes,457392,2025-04-22,2025-04-22,agent_008
id_0480,loft,Marseille,Provence-Alpes,782860,2025-02-09,2025-02-09,agent_005
id_0481,studio,Versailles,Ile-de-France,181677,2025-12-20,2026-01-15,agent_015
id_0482,house,Nîmes,Occitanie,1094378,2025-06-05,2025-06-05,agent_004
id_0483,house,Nice,Provence-Alpes,1607203,2025-04-27,2025-05-03,agent_005
id_0484,apartment,Versailles,Ile-de-France,281511,2025-01-10,2025-02-03,agent_014
id_0485,apartment,Boulogne-Billancourt,Ile-de-France,234385,2025-12-04,2025-12-05,agent_016
id_0486,apartment,Saint-Denis,Ile-de-France,269465,2025-06-04,2025-06-28,agent_004
id_0487,duplex,Boulogne-Billancourt,Ile-de-France,509740,2025-04-05,2025-04-05,agent_003
id_0488,duplex,Toulon,Provence-Alpes,664733,2025-06-30,2025-06-30,agent_017
id_0489,duplex,Amiens,Hauts-de-France,897935,2025-02-04,2025-02-04,agent_019
id_0490,house,Boulogne-Billancourt,Ile-de-France,645548,2025-03-29,2025-04-15,agent_001
id_0491,house,Lille,Hauts-de-France,878687,2025-12-29,2026-01-20,agent_019
id_0492,apartment,Aix-en-Provence,Provence-Alpes,389633,2025-07-01,2025-07-14,agent_007
id_0493,loft,Montpellier,Occitanie,418327,2025-06-10,2025-06-10,agent_004
id_0494,loft,Montpellier,Occitanie,678798,2025-12-27,2025-12-27,agent_002
id_0495,loft,Saint-Denis,Ile-de-France,421343,2025-07-17,2025-07-17,agent_020
id_0496,loft,Roubaix,Hauts-de-France,536845,2025-10-11,2025-11-07,agent_014
id_0497,loft,Marseille,Provence-Alpes,685290,2025-04-02,2025-04-02,agent_016
id_0498,loft,Lille,Hauts-de-France,759337,2025-09-25,2025-09-27,agent_004
id_0499,loft,Aix-en-Provence,Provence-Alpes,406663,2025-03-28,2025-03-28,agent_007
id_0500,duplex,Limoges,Nouvelle-Aquitaine,723927,2025-03-04,2025-03-04,agent_014
